Title,Type,ID
11.22.63,tv,64464
12 Monkeys,tv,60948
13 Minutes,movie,787723
1917,movie,530915
1923,tv,157744
2001,movie,710172
2010,movie,4437
21 Bridges,movie,535292
28 Days Later,movie,170
3,tv,68467
40 Year Old Virgin,movie,6957
4400,tv,127581
99 Homes,movie,283235
A Cure for Wellness,movie,340837
A Million Ways to Die in the West,movie,188161
A Quiet Place,movie,447332
A Quiet Place Part II,movie,520763
About Time,movie,122906
Absolutely Anything,movie,86828
Ad Astra,movie,419704
Adam Sandler's Eight Crazy Nights,movie,13376
Airplane,movie,813
Alien,movie,348
All Quiet on the Western Front,movie,49046
Along Came a Spider,movie,2043
Alphas,tv,39362
American Gods,tv,46639
American Horror Story,tv,1413
American Made,movie,337170
Anchorman,movie,8699
Annihilation,movie,300668
Another Earth,movie,55420
Another Round,movie,580175
Apocalypse Now,movie,28
Arctic,movie,453755
Armageddon,movie,95
ARQ,movie,410199
Arrival,movie,329865
Ascension,tv,60741
Attack the Block,movie,59678
Attraction,movie,65869
Avatar,movie,19995
Baby Driver,movie,339403
Bad Samaritan,movie,467632
Bad Santa,movie,10147
Bad Times at The El Royale,movie,446021
Ballers,tv,62704
Band Of Brothers,tv,4613
Bandit,movie,842942
Battle Royale,movie,3176
Battlestar Galactica,tv,1972
Better Call Saul,tv,60059
Beyond,tv,67726
Bird Box,movie,405774
Black Mirror,tv,42009
Black Sails,tv,47665
Black Spot,tv,70613
Blazing Saddles,movie,11072
Blow,movie,4133
Boardwalk Empire,tv,1621
Bodies,tv,233629
Bodyguard,tv,80307
Bohemian Rhapsody,movie,424694
Borat Subsequent Moviefilm,movie,740985
Braveheart,movie,197
Breaking Bad,tv,1396
Brightburn,movie,531309
Broadchurch,tv,1427
Bruce Almighty,movie,310
Bullet Train,movie,718930
Buried,movie,16532
Burn After Reading,movie,4944
Butterfly Effect,tv,95854
Cabin in the Woods,tv,78622
Candy Cane Lane,movie,1022964
Cape Fear,movie,1598
Carnivale,tv,185
Casino,movie,524
Casino Royale,movie,36557
Castaway,movie,52886
Castle Rock,tv,71116
Cedar Rapids,movie,52067
Central Intelligence,movie,302699
Channel Zero,tv,67752
Charlie Bartlett,movie,8669
Cheap Thrills,movie,175291
Chernobyl,tv,87108
Children of Men,movie,9693
CHiPs,movie,417644
Chronicle,tv,81329
Circle,tv,217440
Click,tv,15161
Close Encounters of the Third Kind,movie,840
Cloverfield,movie,7191
Cocaine Bear,movie,804150
Code Of Silence,movie,20721
Coherence,movie,220289
Collateral,movie,1538
Colony,tv,62858
Coming 2 America,movie,484718
Confess Fletch,movie,724665
Contact,movie,686
Contagion,movie,39538
Continuum,tv,43020
Counterpart,tv,63646
Creep,movie,250574
Cube,movie,431
Dante's Peak,movie,9619
Dark,tv,70523
Dark City,movie,2666
Dark Skies,tv,164
Deadpool,movie,293660
Deadpool 2,movie,383498
Death and Other Details,tv,133813
Deep Impact,movie,8656
Defiance,tv,51704
Designated Survivor,tv,67026
Devil,movie,44040
Devs,tv,81349
Dexter,tv,1405
Die Hard,movie,562
Dinner for Schmucks,movie,38778
Dirty Grandpa,movie,291870
District 9,movie,17654
Divergent,movie,157350
Django Unchained,movie,68718
Dodgeball,movie,916060
Dog Day Afternoon,movie,968
Dogtooth,movie,1247040
Don't Breathe,movie,300669
Donnie Darko,movie,141
Double Jeopardy,movie,10398
Dream Scenario,movie,823482
Drive,movie,64690
Dune,movie,438631
Dunkirk,movie,374720
Edge of Tomorrow,movie,137113
El Camino,tv,84912
Elf Me,movie,938030
Elite,tv,76669
Elite Squad,movie,7347
Enemy,movie,181886
Enter Nowhere,movie,98568
Entourage,tv,1940
Escape Room,movie,522681
Eternal Sunshine of the Spotless Mind,movie,38
Europa Report,movie,174772
Event Horizon,movie,8413
Everything Everywhere All At Once,movie,545611
Evil,movie,744857
Evolution,movie,9397
Ex Machina,movie,264660
Exam,movie,29917
Existenz,movie,1946
Extraction,movie,545609
Falling Skies,tv,34967
Fargo,tv,60622
Fear The Walking Dead,tv,62286
Fight Club,movie,550
Fire In The Sky,movie,15613
FLU,tv,116725
Fool Me Once,tv,220801
For All Mankind,tv,87917
Ford v Ferrari,movie,359724
Fortitude,tv,61335
Frailty,movie,12149
Freaks,movie,539892
Frequency,tv,66894
Fringe,tv,1705
FROM,tv,124364
Future Man,tv,73157
Game Night,tv,51502
Game Of Thrones,tv,1399
Gattaca,movie,782
Gen V,tv,205715
Geostorm,movie,274855
Get Duked!,movie,580629
Get Out,tv,36709
Ghosts of War,movie,608195
Ghosts,tv,17174
Gladiator,movie,98
Glass Onion,movie,661374
Glitch,tv,63201
Godless,tv,73467
Godzilla,movie,124905
Gone Baby Gone,movie,4771
Gone Girl,movie,210577
Good Omens,tv,71915
Good Will Hunting,movie,489
Gran Torino,movie,13223
Gravity,movie,49047
Green Room,movie,313922
Greenland,movie,524047
Groundhog Day,movie,137
Grown Ups,movie,38365
Grown Ups 2,movie,109418
Guest House,movie,594084
Hancock,movie,8960
Hand Of God,tv,61263
Hannibal,tv,40008
Happy Gilmore,movie,9614
Hard Candy,movie,2652
Harry Potter,tv,243701
Haunting Of Hill House,tv,72844
Heat,movie,949
Helix,tv,58811
Hereditary,movie,493922
Heroes,tv,1639
High Life,movie,376865
Homecoming,tv,80335
Homeland,tv,1407
Honest Thief,movie,553604
Horrible Bosses,movie,51540
Hot Fuzz,movie,4638
Hot Tub Time Machine,movie,23048
Hot Tub Time Machine 2,movie,243938
Hotel Artemis,movie,406761
House Of Cards,tv,1425
Humans,tv,62822
I Am Legend,movie,6479
I Origins,movie,244267
I Robot,movie,2048
I Saw the Devil,movie,49797
Ice Age,movie,425
Identity,tv,33144
Idiocracy,movie,7512
In the Line of Duty,movie,39854
In Time,movie,49530
Incredibles 2,movie,260513
Independence Day,movie,602
Infinite,movie,581726
Infinity Chamber,movie,428948
Inglourious Basterds,movie,16869
Interstellar,movie,157336
Into the Night,tv,93811
Into the Storm,movie,216282
INVINCIBLE,tv,95557
Iron Man,movie,1726
It Chapter Two,movie,474350
It Follows,movie,270303
Jackass Number Two,movie,12094
Jacob's Ladder,movie,2291
Jaws,movie,578
Jericho,tv,21773
Jesse Stone,movie,31047
John Wick,movie,245891
John Wick 3 - Parabellum,movie,458156
Jojo Rabbit,movie,515001
Jumanji,tv,2118
Jumper,movie,8247
Jungle,movie,390062
Jurassic Park,movie,329
Jury Duty,tv,222023
Just Getting Started,movie,398177
K-PAX,movie,167
Kick-Ass,movie,23483
Kicking & Screaming,movie,9981
King Kong,movie,254
Knives Out,movie,546554
Knock at the Cabin,movie,631842
Knowing,movie,13811
Kong Skull Island,movie,293167
Last Days,movie,1665
Law Abiding Citizen,movie,22803
Leave the World Behind,movie,726209
Leftovers,movie,480280
Legion,tv,67195
Let's Be Cops,movie,193893
Life,tv,3797
Limitless,tv,62687
Logan,movie,263115
Logan Lucky,movie,399170
Long Shot,movie,459992
Looper,movie,59967
Lord of the Rings,tv,84773
Lost,tv,4607
Low Tide,movie,493066
Lucky Number Slevin,movie,186
Lucy,movie,240832
M3GAN,movie,536554
Mad Men,tv,1104
Madagascar,movie,953
Man from Earth,movie,13363
Man on a Ledge,movie,49527
Maniac,tv,73411
Marvel Studios' Doctor Strange,movie,980017
Marvel Studios' Iron Man,movie,1726
Matrix,tv,11393
Mayhem,movie,429733
Me Time,movie,862551
Meander,movie,748318
Memento,movie,77
Memory,movie,818397
Men in Black,movie,607
Michael Jackson,movie,82702
Midnight Express,movie,11327
Midnight Mass,tv,97400
Midnight Special,tv,290
Midsommar,movie,530385
Mindhunter,tv,67744
Minority Report,movie,180
Misery,movie,1700
Misfits,tv,31295
Mission,tv,70672
Molly's Game,movie,396371
Money Heist,tv,71446
Moneyball,movie,60308
Monsters,tv,6323
Monumental,movie,450560
Moon,movie,17431
Mortal,movie,489326
Mr Robot,tv,62560
Mulholland Drive,movie,1018
Murder Mystery,movie,514999
Murder Mystery 2,movie,638974
Murder on The Orient Express,movie,392044
Narcos,tv,63351
National Treasure,tv,86820
Night Sky,tv,9873
Nightcrawler,movie,242582
Nine Perfect Strangers,tv,88989
No Country for Old Men,movie,6977
No Hard Feelings,movie,884605
No Time to Die,movie,370172
Nobody,movie,615457
Nocturnal Animals,tv,112574
Non-Stop,movie,225574
Nope,movie,762504
Now You See Me,movie,75656
Nowhere,movie,1151534
Ocean's 11,movie,1092996
Office Christmas Party,movie,384682
Old Dads,movie,987917
Old School,tv,50841
Oldboy,movie,87516
Omen III,movie,10768
Once Upon a Time in Hollywood,movie,466272
One Flew Over The Cuckoo's Nest,movie,510
Orphan,movie,21208
Orphan Black,tv,56296
Outlander,tv,56570
Overlord,movie,438799
Ozark,tv,69740
Pain & Gain,movie,134374
Palm Springs,movie,587792
Pan's Labyrinth,movie,1417
Pandorum,movie,19898
Papillon,movie,5924
Parallel,movie,876911
Parallels,movie,328595
Parasite,movie,48311
Passengers,movie,274870
Patriot,tv,64396
Paul,movie,39513
Peaky Blinders,tv,60574
Peppermint,movie,458594
Persons Unknown,tv,32817
Phone Booth,movie,1817
Pi,movie,473
Pineapple Express,movie,10189
Pirates of the Caribbean,movie,58
Pitch Black,movie,2787
Planes Trains and Automobiles,movie,2609
Point Break,movie,257088
Preacher,tv,64230
Predator,movie,106
Predestination,movie,206487
Primer,movie,14337
Primeval,movie,4283
Prison Break,tv,2288
Prisoners,movie,146233
Project Almanac,movie,227719
Prometheus,movie,70981
Prospect,movie,506072
Queen,movie,247645
Ragnarok,tv,91557
Ray Donovan,tv,1423
Reacher,tv,108978
Ready or Not,tv,9765
Ready Player One,movie,333339
Rectify,tv,46619
Red Lights,movie,75638
Reptile,movie,866463
Requiem for a Dream,movie,641
Reservoir Dogs,movie,500
Revolution,tv,1410
Richard Jewell,movie,292011
Rise of the Planet of the Apes,movie,61791
River Wild,movie,1000475
Role Models,movie,15373
Rush Hour,tv,65367
Safe,movie,72387
Safety Not Guaranteed,movie,84332
Salvation,tv,70513
San Andreas,movie,254128
Sausage Party,movie,223702
Saving Private Ryan,movie,857
Saw,movie,176
Saw 2,tv,117707
SAW X,movie,951491
Scarface,movie,111
See,tv,80752
Sense8,tv,61664
Servant,tv,88055
Seven,tv,222717
Seven Psychopaths,movie,86838
Severance,tv,95396
Sharp Objects,tv,70453
Shawshank Redemption,movie,278
Shaun of the Dead,movie,747
She's The Man,movie,9655
Shooter,tv,66857
Shutter Island,movie,11324
Sicario,movie,273481
Signs,movie,2675
Silence of the Lambs,movie,274
Silent Night,movie,891699
Silicon Valley,tv,60573
Silo,tv,125988
Sisu,movie,840326
Slow Horses,tv,95480
Slumdog Millionaire,movie,12405
Smokey and the Bandit,movie,11006
Society of the Snow,movie,906126
Solaris,movie,2103
Sons Of Anarchy,tv,1409
Sorry To Bother You,movie,424781
Sound of My Voice,movie,86812
Source Code,movie,45612
Spaceballs,movie,957
Speak No Evil,movie,833339
Spider-Man,movie,557
Splice,movie,37707
Split,movie,381288
Sputnik,movie,492157
Star Wars,tv,114478
Step Brothers,movie,12133
Stranger than Fiction,movie,1262
Stranger Things,tv,66732
Summer of 84,movie,470229
Sunshine,tv,28962
Super 8,movie,37686
Super Troopers,movie,39939
Super Troopers 2,movie,50022
Superbad,movie,8363
Supernatural,tv,1622
Surf's Up,movie,9408
Survivors,tv,7485
Sydney White,movie,10760
Synecdoche New York,movie,4960
Taboo,tv,65708
Take Shelter,movie,64720
Takers,movie,22907
Talk To Me,movie,1008042
Talladega Nights,movie,9718
Taxi Driver,tv,119769
Team America World Police,movie,3989
Ted 2,movie,214756
Terminator,tv,433
Thanksgiving,movie,1071215
The 100,tv,48866
The Abyss,movie,2756
The Americans,tv,46533
The Artifice Girl,movie,983282
The Aviator,movie,2567
The Bank Job,movie,8848
The Belko Experiment,movie,341006
The Beyond,movie,449575
The Big Short,movie,318846
The Birdcage,movie,11000
The Bourne Identity,tv,25397
The Bourne Supremacy,movie,2502
The Bourne Ultimatum,movie,2503
The Boys,tv,76479
The Burial,movie,763165
The Cabin in the Woods,movie,22970
The Change-Up,movie,49520
The Chosen One,tv,223400
The Code,tv,86136
The Collection,movie,134597
The Collector,tv,1644
The Conspiracy,movie,133369
The Crossing,tv,71383
The Dawn of the Planet of the Apes,movie,119450
The Day After Tomorrow,movie,435
The Dead Zone,tv,1475
The Departed,movie,1422
The Descent,movie,9392
The Devil's Pass,movie,462444
The Dinosaur Project,movie,119698
The Divergent Series,movie,262500
The Divide,tv,57277
The Drop,movie,154400
The Exorcist,movie,9552
The Expanse,tv,63639
The Fall,tv,59941
The Fall of the House of Usher,tv,157065
The Fare,movie,588064
The Fast and the Furious,movie,9799
The Feed,tv,93833
The Fifth Element,movie,18
The Five,tv,66238
The Following,tv,45094
The Game,tv,211
The Gentlemen,movie,522627
The Gift,movie,2046
The Girl Next Door,tv,88806
The Godfather,movie,238
The Grand Budapest Hotel,movie,120467
The Grand Tour,tv,67557
The Guest,movie,241848
The Happening,movie,8645
The Hitman's Bodyguard,movie,390043
The Host,movie,72710
The Hunt,movie,514847
The Hurt Locker,movie,12162
The Impossible,movie,80278
The Incredibles,movie,9806
The Innocents,tv,77400
The Invisible Man,tv,4735
The Invitation,movie,830788
The Island,movie,1635
The Jacket,movie,9667
The Killer,movie,800158
The Killing,tv,34415
The Killing of a Sacred Deer,movie,399057
The Last House on the Left,movie,15516
The Last Ship,tv,60802
The Leftovers,tv,54344
The Loft,movie,72784
The Lord of the Rings,tv,84773
The Magicians,tv,64432
The Man From Earth,movie,13363
The Man In The High Castle,tv,62017
The Mandela Effect,movie,491037
The Martian,movie,286217
The Marvelous Mrs. Maisel,tv,70796
The Matrix,movie,603
The Maze Runner,movie,198663
The Meg,movie,345940
The Menu,movie,593643
The Mist,tv,68315
The Nice Guys,movie,290250
The Night Before,movie,296100
The Night Of,tv,138357
The OA,tv,69061
The Old Man,tv,111800
The Omen,movie,806
The One I Love,movie,242090
The Others,tv,2112
The Out of Towners,movie,8970
The Outfit,movie,799876
The Outsider,tv,30191
The Owners,movie,659986
The Peacemaker,movie,6623
The Peanut Butter Falcon,movie,463257
The Peripheral,tv,95403
The Prestige,movie,1124
The Protector,tv,30948
The Punisher,movie,7220
The Purge,tv,80213
The Quake,movie,416194
The Rain,tv,76719
The Rental,movie,587496
The Returned,tv,62142
The Ride,tv,103026
The Rover,movie,157845
The Score,movie,11371
The Shield,tv,1414
The Signal,movie,242095
The Silence Of The Lambs,movie,274
The Silencing,movie,603119
The Sinner,tv,39852
The Sitter,movie,57431
The Sixth Sense,tv,13648
The Social Network,movie,37799
The Society,tv,84647
The Strain,tv,47640
The Terminal List,tv,120911
The Thing,movie,1091
The Thirteenth Floor,movie,1090
The Tomorrow People,tv,48860
The Tomorrow War,movie,588228
The Tourist,tv,120909
The Triangle,tv,9026
The Truman Show,movie,37165
The Umbrella Academy,tv,75006
The Unbearable Weight of Massive Talent,movie,648579
The Usual Suspects,movie,629
The Vast of Night,movie,565743
The Vault,movie,416160
The Village,tv,46878
The Voices,movie,244458
The Wailing,movie,293670
The Watcher,tv,9836
The Waterboy,movie,10663
The Wave,movie,619263
The White Lotus,tv,111803
The Widow,tv,85854
The Wilds,tv,113367
The Wire,tv,1438
The Wolf of Wall Street,movie,106646
The Wolverine,movie,76170
The World's End,movie,107985
They Call Me Jeeg,movie,364433
This Is the End,movie,109414
Tidal Wave,movie,33196
Time Lapse,movie,273271
Timecrimes,movie,14139
Tom Clancy's Jack Ryan,tv,73375
Tommy Boy,movie,11381
Top Gun,movie,744
Totally Killer,movie,974931
Trainspotting,movie,627
Transcendence,movie,157353
Transformers,movie,1858
Transsiberian,movie,6687
Travelers,tv,67683
Tremors,movie,9362
Triangle,tv,2367
Triangle of Sadness,movie,497828
Tropic Thunder,movie,7446
True Detective,tv,46648
Truth Seekers,tv,92209
Twelve Monkeys,movie,63
Twin Peaks,tv,1920
Twister,movie,664
Unabomber,movie,1043074
Unbreakable,movie,9741
Under The Dome,tv,46331
United 93,movie,9829
Upload,tv,86248
Upstream Color,movie,145197
Utopia,tv,46511
Vanilla Sky,movie,1903
Vengeance,movie,683340
Violent Night,movie,899112
Vivarium,movie,458305
Walking Dead,tv,1402
War Dogs,movie,308266
War of the Worlds,tv,86374
Warehouse 13,tv,15819
Watchmen,movie,13183
Wayward Pines,tv,53425
We're the Millers,movie,138832
Wentworth,tv,44856
Werewolves Within,movie,800497
Westworld,tv,63247
What We Do in the Shadows,tv,83631
Willy Wonka and the Chocolate Factory,movie,455411
World War Z,movie,72190
Wrath of Man,movie,637649
X,movie,760104
Yellowjackets,tv,117488
Yellowstone,tv,73586
ZeroZeroZero,tv,92137
Zodiac,movie,1949
Zoo,tv,153223 